Workbook

Sheet Anleitung
A1: Bewertung Nutzwertanalyse – KI-Bildgeneratoren (M306)
A2: Stand: 25.10.2026 · Hunger, Weisshaar
A4: So funktioniert die Tabelle
A5: • Spalten «Lucas» (blaue Zahlen): Bewertungsvorschlag – bitte prüfen und bei Bedarf ändern.
A6: • Spalten «Nicolas» (gelbe Zellen): unabhängig bewerten, ganze Punkte 1–5 nach der Skala (Blatt «Skala»).
A7: • Spalten «Ø»: Mittelwert beider Bewertungen, wird automatisch berechnet.
A8: • Rot markiert: Lucas und Nicolas liegen 2 oder mehr Punkte auseinander → gemeinsam anschauen und neu bewerten (Risiko R3).
A9: • Blatt «K1–K4 pro Prompt»: Bildqualität, Prompt-Treue, Text im Bild und Stil pro Test-Prompt; pro Tool zählt der Durchschnitt.
A10: • Blatt «Nutzwert»: Durchschnitte K1–K4, Bewertungen K5–K10, Nutzwert = Σ(Gewichtung × Ø), maximal 5,0.
A11: • Muss-Kriterien K6 und K9: Mit 1 Punkt scheidet ein Tool aus. Bei Gleichstand entscheidet K1.
A13: Stand der Bewertung
A14: • Beide Bewertungen sind abgeschlossen (Nicolas am 25.10.2026). Die Nutzwertanalyse rechnet mit den Mittelwerten.
... A16: • ChatGPT P5 und P6 am 12.10.2026 mit einem zweiten Gratis-Konto getestet, weil das Tageslimit des ersten Kontos erreicht war.

Sheet K1–K4 pro Prompt
A1: K1–K4 pro Test-Prompt
A2: Ganze Punkte 1–5 (siehe Blatt «Skala»).
A3: Tool | B3: Prompt | C3: K1 Bildqualität (20 %) | F3: K2 Prompt-Treue (15 %) | I3: K3 Text im Bild (10 %) | L3: K4 Stilvielfalt (10 %) | O3: Begründung (Vorschlag Lucas)
C4: Lucas | D4: Nicolas | E4: Ø | F4: Lucas | G4: Nicolas | H4: Ø | I4: Lucas | J4: Nicolas | K4: Ø | L4: Lucas | M4: Nicolas | N4: Ø
A5: Gemini | B5: P1 | C5: 5 | D5: 4 | E5: =IF(COUNT(C5:D5)=0,"",AVERAGE(C5:D5)) -> 4.5 | F5: 4 | G5: 5 | H5: =IF(COUNT(F5:G5)=0,"",AVERAGE(F5:G5)) -> 4.5 | I5: 5 | J5: 5 | K5: =IF(COUNT(I5:J5)=0,"",AVERAGE(I5:J5)) -> 5 | L5: 5 | M5: 5 | N5: =IF(COUNT(L5:M5)=0,"",AVERAGE(L5:M5)) -> 5 | O5: Sauberes Aquarell, alle Elemente da; zusätzlich nicht verlangter Text «Happy Birthday!» auf dem Kuchen.
A6: Gemini | B6: P2 | C6: 5 | D6: 4 | E6: =IF(COUNT(C6:D6)=0,"",AVERAGE(C6:D6)) -> 4.5 | F6: 4 | G6: 4 | H6: =IF(COUNT(F6:G6)=0,"",AVERAGE(F6:G6)) -> 4 | I6: 5 | J6: 5 | K6: =IF(COUNT(I6:J6)=0,"",AVERAGE(I6:J6)) -> 5 | L6: 5 | M6: 5 | N6: =IF(COUNT(L6:M6)=0,"",AVERAGE(L6:M6)) -> 5 | O6: Fotorealistisch, «Fröhliche Weihnachten» korrekt; Text steht im oberen Drittel statt in der Mitte.
A7: Gemini | B7: P3 | C7: 5 | D7: 4 | E7: =IF(COUNT(C7:D7)=0,"",AVERAGE(C7:D7)) -> 4.5 | F7: 4 | G7: 4 | H7: =IF(COUNT(F7:G7)=0,"",AVERAGE(F7:G7)) -> 4 | I7: 5 | J7: 5 | K7: =IF(COUNT(I7:J7)=0,"",AVERAGE(I7:J7)) -> 5 | L7: 5 | M7: 5 | N7: =IF(COUNT(L7:M7)=0,"",AVERAGE(L7:M7)) -> 5 | O7: Flache Vektor-Illustration in Blau/Grau; die Personen schauen eher zueinander als aufs Whiteboard.
A8: Gemini | B8: P4 | C8: 5 | D8: 4 | E8: =IF(COUNT(C8:D8)=0,"",AVERAGE(C8:D8)) -> 4.5 | F8: 3 | G8: 3 | H8: =IF(COUNT(F8:G8)=0,"",AVERAGE(F8:G8)) -> 3 | I8: 5 | J8: 5 | K8: =IF(COUNT(I8:J8)=0,"",AVERAGE(I8:J8)) -> 5 | L8: 4 | M8: 5 | N8: =IF(COUNT(L8:M8)=0,"",AVERAGE(L8:M8)) -> 4.5 | O8: Text korrekt; zusätzlich nicht verlangte Texte «TEAM WORKSHOP 2024» (falsches Jahr) und «Let's innovate together!»; Farben eher kräftig statt weich.
A9: Gemini | B9: P5 | C9: 4 | D9: 4 | E9: =IF(COUNT(C9:D9)=0,"",AVERAGE(C9:D9)) -> 4 | F9: 5 | G9: 4 | H9: =IF(COUNT(F9:G9)=0,"",AVERAGE(F9:G9)) -> 4.5 | I9: 5 | J9: 4 | K9: =IF(COUNT(I9:J9)=0,"",AVERAGE(I9:J9)) -> 4.5 | L9: 5 | M9: 5 | N9: =IF(COUNT(L9:M9)=0,"",AVERAGE(L9:M9)) -> 5 | O9: Comic gelungen, Sprechblase korrekt; die To-do-Liste auf dem Bildschirm ist unlesbares Kauderwelsch.
A10: Gemini | B10: P6 | C10: 5 | D10: 5 | E10: =IF(COUNT(C10:D10)=0,"",AVERAGE(C10:D10)) -> 5 | F10: 4 | G10: 1 | H10: =IF(COUNT(F10:G10)=0,"",AVERAGE(F10:G10)) -> 2.5 | I10: 5 | J10: 5 | K10: =IF(COUNT(I10:J10)=0,"",AVERAGE(I10:J10)) -> 5 | L10: 5 | M10: 3 | N10: =IF(COUNT(L10:M10)=0,"",AVERAGE(L10:M10)) -> 4 | O10: Retro-Postkarte gelungen, «Zurück am Montag» korrekt; Laptop ist aufgeklappt statt zugeklappt.
A11: ChatGPT | B11: P1 | C11: 5 | D11: 3 | E11: =IF(COUNT(C11:D11)=0,"",AVERAGE(C11:D11)) -> 4 | F11: 5 | G11: 5 | H11: =IF(COUNT(F11:G11)=0,"",AVERAGE(F11:G11)) -> 5 | I11: 5 | J11: 5 | K11: =IF(COUNT(I11:J11)=0,"",AVERAGE(I11:J11)) -> 5 | L11: 5 | M11: 5 | N11: =IF(COUNT(L11:M11)=0,"",AVERAGE(L11:M11)) -> 5 | O11: Alle Elemente umgesetzt, Text korrekt (zweizeilig), klares Aquarell.
A12: ChatGPT | B12: P2 | C12: 5 | D12: 5 | E12: =IF(COUNT(C12:D12)=0,"",AVERAGE(C12:D12)) -> 5 | F12: 5 | G12: 5 | H12: =IF(COUNT(F12:G12)=0,"",AVERAGE(F12:G12)) -> 5 | I12: 5 | J12: 5 | K12: =IF(COUNT(I12:J12)=0,"",AVERAGE(I12:J12)) -> 5 | L12: 5 | M12: 5 | N12: =IF(COUNT(L12:M12)=0,"",AVERAGE(L12:M12)) -> 5 | O12: Fotorealistisch, Text in der Mitte und korrekt.
A13: ChatGPT | B13: P3 | C13: 5 | D13: 5 | E13: =IF(COUNT(C13:D13)=0,"",AVERAGE(C13:D13)) -> 5 | F13: 5 | G13: 4 | H13: =IF(COUNT(F13:G13)=0,"",AVERAGE(F13:G13)) -> 4.5 | I13: 5 | J13: 5 | K13: =IF(COUNT(I13:J13)=0,"",AVERAGE(I13:J13)) -> 5 | L13: 5 | M13: 5 | N13: =IF(COUNT(L13:M13)=0,"",AVERAGE(L13:M13)) -> 5 | O13: Vier Personen schauen aufs Whiteboard, Vektorstil in Blau/Grau, Text korrekt.
A14: ChatGPT | B14: P4 | C14: 5 | D14: 4 | E14: =IF(COUNT(C14:D14)=0,"",AVERAGE(C14:D14)) -> 4.5 | F14: 5 | G14: 5 | H14: =IF(COUNT(F14:G14)=0,"",AVERAGE(F14:G14)) -> 5 | I14: 5 | J14: 5 | K14: =IF(COUNT(I14:J14)=0,"",AVERAGE(I14:J14)) -> 5 | L14: 4 | M14: 5 | N14: =IF(COUNT(L14:M14)=0,"",AVERAGE(L14:M14)) -> 4.5 | O14: Alle Elemente und Texte korrekt; wirkt eher fotorealistisch als wie eine 3D-Illustration.
A15: ChatGPT | B15: P5 | C15: 5 | D15: 5 | E15: =IF(COUNT(C15:D15)=0,"",AVERAGE(C15:D15)) -> 5 | F15: 5 | G15: 4 | H15: =IF(COUNT(F15:G15)=0,"",AVERAGE(F15:G15)) -> 4.5 | I15: 5 | J15: 5 | K15: =IF(COUNT(I15:J15)=0,"",AVERAGE(I15:J15)) -> 5 | L15: 5 | M15: 4 | N15: =IF(COUNT(L15:M15)=0,"",AVERAGE(L15:M15)) -> 4.5 | O15: Alle Elemente umgesetzt, Sprechblase korrekt; zusätzliche Texte (Tasse, Notizblock, Plakat) passend und fehlerfrei.
A16: ChatGPT | B16: P6 | C16: 5 | D16: 4 | E16: =IF(COUNT(C16:D16)=0,"",AVERAGE(C16:D16)) -> 4.5 | F16: 5 | G16: 5 | H16: =IF(COUNT(F16:G16)=0,"",AVERAGE(F16:G16)) -> 5 | I16: 5 | J16: 5 | K16: =IF(COUNT(I16:J16)=0,"",AVERAGE(I16:J16)) -> 5 | L16: 5 | M16: 5 | N16: =IF(COUNT(L16:M16)=0,"",AVERAGE(L16:M16)) -> 5 | O16: Retro-Postkarte gelungen, alle Elemente da (Laptop zugeklappt); Text oben korrekt.
... A22: Leonardo.Ai | B22: P6 | C22: 5 | D22: 5 | E22: =IF(COUNT(C22:D22)=0,"",AVERAGE(C22:D22)) -> 5 | F22: 5 | G22: 5 | H22: =IF(COUNT(F22:G22)=0,"",AVERAGE(F22:G22)) -> 5 | I22: 5 | J22: 5 | K22: =IF(COUNT(I22:J22)=0,"",AVERAGE(I22:J22)) -> 5 | L22: 5 | M22: 3 | N22: =IF(COUNT(L22:M22)=0,"",AVERAGE(L22:M22)) -> 4 | O22: Retro-Postkarte gelungen, alle Elemente da; Text oben korrekt (das «ü» in Schreibschrift sieht nur aus wie «ii»).

Sheet Nutzwert
A1: Nutzwertanalyse – Übersicht
A2: Ø = Mittelwert Lucas/Nicolas; K1–K4 = Durchschnitt über die Test-Prompts. Werte auf eine Nachkommastelle gerundet.
A3: Kriterium | B3: Gewichtung | C3: Muss | D3: Gemini | G3: ChatGPT | J3: Leonardo.Ai | M3: Begründung
D4: Lucas | E4: Nicolas | F4: Ø | G4: Lucas | H4: Nicolas | I4: Ø | J4: Lucas | K4: Nicolas | L4: Ø
A5: K1 Bildqualität | B5: 0.2 | C5: – | D5: =IF(COUNT('K1–K4 pro Prompt'!C5:C10)=0,"",ROUND(AVERAGE('K1–K4 pro Prompt'!C5:C10),1)) -> 4.8 | E5: =IF(COUNT('K1–K4 pro Prompt'!D5:D10)=0,"",ROUND(AVERAGE('K1–K4 pro Prompt'!D5:D10),1)) -> 4.2 | F5: =IF(COUNT(D5:E5)=0,"",ROUND(AVERAGE(D5:E5),1)) -> 4.5 | G5: =IF(COUNT('K1–K4 pro Prompt'!C11:C16)=0,"",ROUND(AVERAGE('K1–K4 pro Prompt'!C11:C16),1)) -> 5 | H5: =IF(COUNT('K1–K4 pro Prompt'!D11:D16)=0,"",ROUND(AVERAGE('K1–K4 pro Prompt'!D11:D16),1)) -> 4.3 | I5: =IF(COUNT(G5:H5)=0,"",ROUND(AVERAGE(G5:H5),1)) -> 4.7 | J5: =IF(COUNT('K1–K4 pro Prompt'!C17:C22)=0,"",ROUND(AVERAGE('K1–K4 pro Prompt'!C17:C22),1)) -> 4.8 | K5: =IF(COUNT('K1–K4 pro Prompt'!D17:D22)=0,"",ROUND(AVERAGE('K1–K4 pro Prompt'!D17:D22),1)) -> 4.2 | L5: =IF(COUNT(J5:K5)=0,"",ROUND(AVERAGE(J5:K5),1)) -> 4.5 | M5: Abzüge: Gemini P5 (Kauderwelsch auf dem Bildschirm), Leonardo.Ai P5 (Tippfehler auf dem Notizblock).
A6: K2 Prompt-Treue | B6: 0.15 | C6: – | D6: =IF(COUNT('K1–K4 pro Prompt'!F5:F10)=0,"",ROUND(AVERAGE('K1–K4 pro Prompt'!F5:F10),1)) -> 4 | E6: =IF(COUNT('K1–K4 pro Prompt'!G5:G10)=0,"",ROUND(AVERAGE('K1–K4 pro Prompt'!G5:G10),1)) -> 3.5 | F6: =IF(COUNT(D6:E6)=0,"",ROUND(AVERAGE(D6:E6),1)) -> 3.8 | G6: =IF(COUNT('K1–K4 pro Prompt'!F11:F16)=0,"",ROUND(AVERAGE('K1–K4 pro Prompt'!F11:F16),1)) -> 5 | H6: =IF(COUNT('K1–K4 pro Prompt'!G11:G16)=0,"",ROUND(AVERAGE('K1–K4 pro Prompt'!G11:G16),1)) -> 4.7 | I6: =IF(COUNT(G6:H6)=0,"",ROUND(AVERAGE(G6:H6),1)) -> 4.9 | J6: =IF(COUNT('K1–K4 pro Prompt'!F17:F22)=0,"",ROUND(AVERAGE('K1–K4 pro Prompt'!F17:F22),1)) -> 5 | K6: =IF(COUNT('K1–K4 pro Prompt'!G17:G22)=0,"",ROUND(AVERAGE('K1–K4 pro Prompt'!G17:G22),1)) -> 4.2 | L6: =IF(COUNT(J6:K6)=0,"",ROUND(AVERAGE(J6:K6),1)) -> 4.6 | M6: Gemini fügt mehrfach Ungefragtes hinzu (z.B. «TEAM WORKSHOP 2024») oder weicht ab (offener Laptop).
A7: K3 Text im Bild | B7: 0.1 | C7: – | D7: =IF(COUNT('K1–K4 pro Prompt'!I5:I10)=0,"",ROUND(AVERAGE('K1–K4 pro Prompt'!I5:I10),1)) -> 5 | E7: =IF(COUNT('K1–K4 pro Prompt'!J5:J10)=0,"",ROUND(AVERAGE('K1–K4 pro Prompt'!J5:J10),1)) -> 4.8 | F7: =IF(COUNT(D7:E7)=0,"",ROUND(AVERAGE(D7:E7),1)) -> 4.9 | G7: =IF(COUNT('K1–K4 pro Prompt'!I11:I16)=0,"",ROUND(AVERAGE('K1–K4 pro Prompt'!I11:I16),1)) -> 5 | H7: =IF(COUNT('K1–K4 pro Prompt'!J11:J16)=0,"",ROUND(AVERAGE('K1–K4 pro Prompt'!J11:J16),1)) -> 5 | I7: =IF(COUNT(G7:H7)=0,"",ROUND(AVERAGE(G7:H7),1)) -> 5 | J7: =IF(COUNT('K1–K4 pro Prompt'!I17:I22)=0,"",ROUND(AVERAGE('K1–K4 pro Prompt'!I17:I22),1)) -> 5 | K7: =IF(COUNT('K1–K4 pro Prompt'!J17:J22)=0,"",ROUND(AVERAGE('K1–K4 pro Prompt'!J17:J22),1)) -> 4.8 | L7: =IF(COUNT(J7:K7)=0,"",ROUND(AVERAGE(J7:K7),1)) -> 4.9 | M7: Verlangter Text bei allen Bildern fehlerfrei; Fehler nur in Nebentexten (siehe K1).
A8: K4 Stilvielfalt | B8: 0.1 | C8: – | D8: =IF(COUNT('K1–K4 pro Prompt'!L5:L10)=0,"",ROUND(AVERAGE('K1–K4 pro Prompt'!L5:L10),1)) -> 4.8 | E8: =IF(COUNT('K1–K4 pro Prompt'!M5:M10)=0,"",ROUND(AVERAGE('K1–K4 pro Prompt'!M5:M10),1)) -> 4.7 | F8: =IF(COUNT(D8:E8)=0,"",ROUND(AVERAGE(D8:E8),1)) -> 4.8 | G8: =IF(COUNT('K1–K4 pro Prompt'!L11:L16)=0,"",ROUND(AVERAGE('K1–K4 pro Prompt'!L11:L16),1)) -> 4.8 | H8: =IF(COUNT('K1–K4 pro Prompt'!M11:M16)=0,"",ROUND(AVERAGE('K1–K4 pro Prompt'!M11:M16),1)) -> 4.8 | I8: =IF(COUNT(G8:H8)=0,"",ROUND(AVERAGE(G8:H8),1)) -> 4.8 | J8: =IF(COUNT('K1–K4 pro Prompt'!L17:L22)=0,"",ROUND(AVERAGE('K1–K4 pro Prompt'!L17:L22),1)) -> 4.8 | K8: =IF(COUNT('K1–K4 pro Prompt'!M17:M22)=0,"",ROUND(AVERAGE('K1–K4 pro Prompt'!M17:M22),1)) -> 4 | L8: =IF(COUNT(J8:K8)=0,"",ROUND(AVERAGE(J8:K8),1)) -> 4.4 | M8: Abzüge: Gemini P4 (kräftige Farben), ChatGPT P4 (eher Foto als 3D), Leonardo.Ai P1 (Aquarell nur teilweise).
A9: K5 Anpassen per Folge-Prompt | B9: 0.05 | C9: – | D9: 5 | E9: 5 | F9: =IF(COUNT(D9:E9)=0,"",ROUND(AVERAGE(D9:E9),1)) -> 5 | G9: 5 | H9: 5 | I9: =IF(COUNT(G9:H9)=0,"",ROUND(AVERAGE(G9:H9),1)) -> 5 | J9: 4 | K9: 2 | L9: =IF(COUNT(J9:K9)=0,"",ROUND(AVERAGE(J9:K9),1)) -> 3 | M9: Leonardo.Ai: Änderung umgesetzt, aber vier statt drei Ballone (zusätzlich Gelb).
A10: K6 Kostenlos nutzbar | B10: 0.1 | C10: Ja | D10: 5 | E10: 5 | F10: =IF(COUNT(D10:E10)=0,"",ROUND(AVERAGE(D10:E10),1)) -> 5 | G10: 5 | H10: 5 | I10: =IF(COUNT(G10:H10)=0,"",ROUND(AVERAGE(G10:H10),1)) -> 5 | J10: 5 | K10: 5 | L10: =IF(COUNT(J10:K10)=0,"",ROUND(AVERAGE(J10:K10),1)) -> 5 | M10: Alle drei Tools bieten einen Gratis-Plan an.
A11: K7 Gratis-Kontingent | B11: 0.05 | C11: – | D11: 5 | E11: 4 | F11: =IF(COUNT(D11:E11)=0,"",ROUND(AVERAGE(D11:E11),1)) -> 4.5 | G11: 3 | H11: 3 | I11: =IF(COUNT(G11:H11)=0,"",ROUND(AVERAGE(G11:H11),1)) -> 3 | J11: 4 | K11: 4 | L11: =IF(COUNT(J11:K11)=0,"",ROUND(AVERAGE(J11:K11),1)) -> 4 | M11: ChatGPT: max. 5 Bilder pro Tag. Leonardo.Ai: 150 Tokens pro Tag, 8 pro Bild (ca. 18 Bilder). Gemini: kein festes Limit, Kontingent alle 5 Stunden erneuert (Google o. J.).
A12: K8 Benutzerfreundlichkeit | B12: 0.1 | C12: – | D12: 5 | E12: 5 | F12: =IF(COUNT(D12:E12)=0,"",ROUND(AVERAGE(D12:E12),1)) -> 5 | G12: 5 | H12: 5 | I12: =IF(COUNT(G12:H12)=0,"",ROUND(AVERAGE(G12:H12),1)) -> 5 | J12: 3 | K12: 3 | L12: =IF(COUNT(J12:K12)=0,"",ROUND(AVERAGE(J12:K12),1)) -> 3 | M12: Leonardo.Ai: Oberfläche weicht stark ab, Eingabefeld für den Folge-Prompt schwer zu finden.
A13: K9 Nutzungsrechte und Datenschutz | B13: 0.1 | C13: Ja | D13: 5 | E13: 5 | F13: =IF(COUNT(D13:E13)=0,"",ROUND(AVERAGE(D13:E13),1)) -> 5 | G13: 5 | H13: 5 | I13: =IF(COUNT(G13:H13)=0,"",ROUND(AVERAGE(G13:H13),1)) -> 5 | J13: 2 | K13: 2 | L13: =IF(COUNT(J13:K13)=0,"",ROUND(AVERAGE(J13:K13),1)) -> 2 | M13: Leonardo.Ai: Eigentum widersprüchlich (Nutzungsbedingungen: Leonardo, Hilfe-Artikel: Nutzer); Gratis-Bilder sind öffentlich.
A14: K10 Download und Wasserzeichen | B14: 0.05 | C14: – | D14: 5 | E14: 5 | F14: =IF(COUNT(D14:E14)=0,"",ROUND(AVERAGE(D14:E14),1)) -> 5 | G14: 5 | H14: 5 | I14: =IF(COUNT(G14:H14)=0,"",ROUND(AVERAGE(G14:H14),1)) -> 5 | J14: 4 | K14: 4 | L14: =IF(COUNT(J14:K14)=0,"",ROUND(AVERAGE(J14:K14),1)) -> 4 | M14: Keine Wasserzeichen; nur Leonardo.Ai P2 mit Gemini-Wasserzeichen (Leonardo.Ai nutzt mehrere Bildgeneratoren).
A15: Total | B15: =SUM(B5:B14) -> 1 | C15: =COUNTIF(C5:C14,"Ja") -> 2
A16: Nutzwert (max. 5,0) | F16: =ROUND(SUMPRODUCT($B$5:$B$14,F5:F14),2) -> 4.67 | I16: =ROUND(SUMPRODUCT($B$5:$B$14,I5:I14),2) -> 4.81 | L16: =ROUND(SUMPRODUCT($B$5:$B$14,L5:L14),2) -> 4.07
A17: Muss-Kriterien K6 und K9 | F17: =IF(AND(F10>1,F13>1),"erfüllt","nicht erfüllt") -> erfüllt | I17: =IF(AND(I10>1,I13>1),"erfüllt","nicht erfüllt") -> erfüllt | L17: =IF(AND(L10>1,L13>1),"erfüllt","nicht erfüllt") -> erfüllt
A18: Rang | F18: =1+(I16>F16)+(L16>F16) -> 2 | I18: =1+(F16>I16)+(L16>I16) -> 1 | L18: =1+(F16>L16)+(I16>L16) -> 3
A20: Nutzwert definitiv: Mittelwerte der Bewertungen von Lucas und Nicolas (25.10.2026).

Sheet Skala
A1: Bewertungsskala (aus dem Lastenheft)
A2: Werte dazwischen (4 und 2 Punkte) werden sinngemäss vergeben.
A3: # | B3: 5 Punkte (sehr gut) | C3: 3 Punkte (genügend) | D3: 1 Punkt (ungenügend)
A4: K1 | B4: scharf und stimmig, keine sichtbaren Fehler (z.B. Hände, Gesichter) | C4: brauchbar, kleine Fehler fallen beim genauen Hinsehen auf | D4: deutliche Fehler oder unscharf, nicht verwendbar
A5: K2 | B5: alle Elemente des Prompts sind umgesetzt | C5: Hauptmotiv stimmt, einzelne Details fehlen oder sind falsch | D5: Bild passt kaum zum Prompt
A6: K3 | B6: Text vollständig und fehlerfrei | C6: Text lesbar, aber mit kleinen Fehlern | D6: Text fehlt oder ist unleserlich
A7: K4 | B7: verlangter Stil (z.B. Foto, Aquarell, Comic) genau getroffen | C7: Stil erkennbar, aber nicht durchgehend umgesetzt | D7: Stilvorgabe ignoriert
A8: K5 | B8: Änderung umgesetzt, der Rest des Bildes bleibt gleich | C8: Änderung umgesetzt, aber das Bild verändert sich stark | D8: Änderung nicht möglich oder nicht umgesetzt
A9: K6 | B9: alle Funktionen gratis, ohne Abo und ohne Zahlungsmittel | C9: gratis nutzbar, aber mit häufigen Hinweisen auf ein Abo | D9: Abo oder Zahlungsmittel nötig: Muss nicht erfüllt, Tool scheidet aus
A10: K7 | B10: mehr als 20 Bilder pro Tag | C10: 5–9 Bilder pro Tag | D10: höchstens 2 Bilder pro Tag
A11: K8 | B11: Registrierung und erstes Bild ohne Hilfe in unter 5 Minuten | C11: erstes Bild mit etwas Suchen in 5–10 Minuten | D11: unübersichtlich, ohne Hilfe nicht zu schaffen
A12: K9 | B12: private und berufliche Nutzung erlaubt, Bilder bleiben privat | C12: Nutzung erlaubt, aber Bilder standardmässig öffentlich | D12: berufliche Nutzung nicht erlaubt: Muss nicht erfüllt, Tool scheidet aus
A13: K10 | B13: Download in voller Auflösung, ohne sichtbares Wasserzeichen | C13: Download möglich, aber kleines Wasserzeichen oder geringe Auflösung | D13: kein Download oder grosses, störendes Wasserzeichen
